matrix_size,block_x,block_y,threads_per_block,num_blocks,memory_MB,scenario,run,gpu_time_ns,l2_read_hit_rate_pct,l2_total_sectors,l2_read_miss_sectors,l2_write_miss_sectors,sm_cycles_avg,sm_inst_executed,smsp_warps_active_avg,sm_warps_launched
240,32,32,1024,57,.92,alone,1,9504,2,70,649,397,0,8626,4320,6202,75,32
240,32,32,1024,57,.92,concurrent,1,9920,2,70,649,397,0,9015,4320,8308,71,32
240,1,1024,1024,57,.92,alone,1,20192,81,95,3365,397,0,18399,20256,21307,62,1024
240,1,1024,1024,57,.92,concurrent,1,24576,76,48,2845,397,0,22366,19104,22359,50,1024
240,64,16,1024,57,.92,alone,1,9312,25,93,781,397,0,8461,5280,7980,09,64
240,64,16,1024,57,.92,concurrent,1,9536,25,93,781,397,0,8657,5280,10466,71,64
240,512,2,1024,57,.92,alone,1,10560,69,56,1573,397,0,9580,14112,18671,91,512
240,512,2,1024,57,.92,concurrent,1,12832,62,12,1309,397,0,11624,12960,20076,50,512
240,1024,1,1024,57,.92,alone,1,13504,69,56,1573,397,0,12229,20256,20201,28,1024
240,1024,1,1024,57,.92,concurrent,1,16000,62,12,1309,397,0,14524,19104,21801,17,1024
240,8,64,512,113,.92,alone,1,8768,49,87,1045,397,0,7935,5280,7106,64
240,8,64,512,113,.92,concurrent,1,9120,49,87,1045,397,0,8261,5280,9155,08,64
240,4,128,512,113,.92,alone,1,8896,72,28,1829,397,0,8074,7200,10228,78,128
240,4,128,512,113,.92,concurrent,1,10208,66,24,1565,397,0,9242,7200,15363,71,128
496,32,32,1024,241,3.93,alone,1,9600,2,70,649,397,0,8686,4320,6288,97,32
496,32,32,1024,241,3.93,concurrent,1,10240,2,70,649,397,0,9271,4320,8283,32
496,1,1024,1024,241,3.93,alone,1,20096,81,95,3365,397,0,18261,20256,21605,72,1024
496,1,1024,1024,241,3.93,concurrent,1,24800,76,48,2845,397,0,22490,19104,23519,42,1024
496,64,16,1024,241,3.93,alone,1,9088,25,93,781,397,0,8247,5280,7705,41,64
496,64,16,1024,241,3.93,concurrent,1,9504,25,93,781,397,0,8612,5280,9842,75,64
496,512,2,1024,241,3.93,alone,1,10592,69,56,1573,397,0,9588,14112,18504,69,512
496,512,2,1024,241,3.93,concurrent,1,12384,62,12,1309,397,0,11178,12960,19039,79,512
496,1024,1,1024,241,3.93,alone,1,13536,69,56,1573,397,0,12299,20256,19941,97,1024
496,1024,1,1024,241,3.93,concurrent,1,16224,62,12,1309,397,0,14721,19104,21563,83,1024
496,8,64,512,481,3.93,alone,1,8768,49,87,1045,397,0,7946,5280,7154,47,64
496,8,64,512,481,3.93,concurrent,1,9216,49,87,1045,397,0,8336,5280,9403,21,64
496,4,128,512,481,3.93,alone,1,8896,72,28,1829,397,0,8064,7200,10353,06,128
496,4,128,512,481,3.93,concurrent,1,10272,66,24,1565,397,0,9281,7200,14256,33,128
784,32,32,1024,601,9.83,alone,1,9600,2,70,649,397,0,8687,4320,6260,84,32
784,32,32,1024,601,9.83,concurrent,1,10080,2,70,649,397,0,9144,4320,8394,88,32
784,1,1024,1024,601,9.83,alone,1,20480,81,95,3365,397,0,18610,20256,20880,1024
784,1,1024,1024,601,9.83,concurrent,1,24736,76,48,2845,397,0,22471,19104,23483,08,1024
784,64,16,1024,601,9.83,alone,1,9280,25,93,781,397,0,8396,5280,7869,81,64
784,64,16,1024,601,9.83,concurrent,1,9376,25,93,781,397,0,8503,5280,10359,50,64
784,512,2,1024,601,9.83,alone,1,10592,69,56,1573,397,0,9570,14112,18350,512
784,512,2,1024,601,9.83,concurrent,1,12608,62,12,1309,397,0,11418,12960,21077,50,512
784,1024,1,1024,601,9.83,alone,1,13888,69,56,1573,397,0,12616,20256,20004,88,1024
784,1024,1,1024,601,9.83,concurrent,1,16416,62,12,1309,397,0,14888,19104,22422,92,1024
784,8,64,512,1201,9.83,alone,1,8768,49,87,1045,397,0,7946,5280,7159,19,64
784,8,64,512,1201,9.83,concurrent,1,8992,49,87,1045,397,0,8130,5280,8987,58,64
784,4,128,512,1201,9.83,alone,1,8928,72,28,1829,397,0,8068,7200,10193,88,128
784,4,128,512,1201,9.83,concurrent,1,10784,66,24,1565,397,0,9735,7200,15697,17,128
1016,32,32,1024,1009,16.51,alone,1,9568,2,70,649,397,0,8669,4320,6250,44,32
1016,32,32,1024,1009,16.51,concurrent,1,10272,2,70,649,397,0,9262,4320,8400,25,32
1016,1,1024,1024,1009,16.51,alone,1,20160,81,95,3365,397,0,18297,20256,21312,88,1024
1016,1,1024,1024,1009,16.51,concurrent,1,24928,76,48,2845,397,0,22655,19104,22799,04,1024
1016,64,16,1024,1009,16.51,alone,1,9248,25,93,781,397,0,8380,5280,7842,97,64
1016,64,16,1024,1009,16.51,concurrent,1,9952,25,93,781,397,0,9000,5280,10701,04,64
1016,512,2,1024,1009,16.51,alone,1,10528,69,56,1573,397,0,9577,14112,18189,38,512
1016,512,2,1024,1009,16.51,concurrent,1,12576,62,12,1309,397,0,11388,12960,18809,79,512
1016,1024,1,1024,1009,16.51,alone,1,13824,69,56,1573,397,0,12535,20256,19697,72,1024
1016,1024,1,1024,1009,16.51,concurrent,1,16352,62,12,1309,397,0,14856,19104,21985,38,1024
1016,8,64,512,2017,16.51,alone,1,8704,49,87,1045,397,0,7882,5280,7081,69,64
1016,8,64,512,2017,16.51,concurrent,1,9024,49,87,1045,397,0,8122,5280,9558,88,64
1016,4,128,512,2017,16.51,alone,1,8928,72,28,1829,397,0,8059,7200,10412,53,128
1016,4,128,512,2017,16.51,concurrent,1,10592,66,24,1565,397,0,9552,7200,14456,29,128
1232,32,32,1024,1483,24.28,alone,1,9632,2,70,649,397,0,8715,4320,6287,31,32
1232,32,32,1024,1483,24.28,concurrent,1,9920,2,70,649,397,0,8996,4320,8567,62,32
1232,1,1024,1024,1483,24.28,alone,1,20192,81,95,3365,397,0,18306,20256,21464,56,1024
1232,1,1024,1024,1483,24.28,concurrent,1,24448,76,48,2845,397,0,22197,19104,23635,58,1024
1232,64,16,1024,1483,24.28,alone,1,9184,25,93,781,397,0,8316,5280,7550,94,64
1232,64,16,1024,1483,24.28,concurrent,1,9376,25,93,781,397,0,8474,5280,10360,67,64
1232,512,2,1024,1483,24.28,alone,1,10624,69,56,1573,397,0,9617,14112,18327,06,512
1232,512,2,1024,1483,24.28,concurrent,1,12544,62,12,1309,397,0,11377,12960,19613,29,512
1232,1024,1,1024,1483,24.28,alone,1,13664,69,56,1573,397,0,12383,20256,20137,66,1024
1232,1024,1,1024,1483,24.28,concurrent,1,16448,62,12,1309,397,0,14926,19104,22231,58,1024
1232,8,64,512,2965,24.28,alone,1,8864,49,87,1045,397,0,8007,5280,7216,19,64
1232,8,64,512,2965,24.28,concurrent,1,9472,49,87,1045,397,0,8593,5280,9875,12,64
1232,4,128,512,2965,24.28,alone,1,8864,72,28,1829,397,0,8017,7200,10246,66,128
1232,4,128,512,2965,24.28,concurrent,1,10016,66,24,1565,397,0,9051,7200,14071,08,128
1680,32,32,1024,2757,45.15,alone,1,9568,2,70,649,397,0,8683,4320,6246,25,32
1680,32,32,1024,2757,45.15,concurrent,1,9920,2,70,649,397,0,8991,4320,8646,88,32
1680,1,1024,1024,2757,45.15,alone,1,20320,81,95,3365,397,0,18430,20256,21125,12,1024
1680,1,1024,1024,2757,45.15,concurrent,1,24672,76,48,2845,397,0,22464,19104,23880,21,1024
1680,64,16,1024,2757,45.15,alone,1,9120,25,93,781,397,0,8275,5280,7717,75,64
1680,64,16,1024,2757,45.15,concurrent,1,9376,25,93,781,397,0,8472,5280,10364,29,64
1680,512,2,1024,2757,45.15,alone,1,10528,69,56,1573,397,0,9521,14112,17948,88,512
1680,512,2,1024,2757,45.15,concurrent,1,12640,62,12,1309,397,0,11469,12960,19421,71,512
1680,1024,1,1024,2757,45.15,alone,1,13504,69,56,1573,397,0,12240,20256,19959,25,1024
1680,1024,1,1024,2757,45.15,concurrent,1,16128,62,12,1309,397,0,14637,19104,21502,1024
1680,8,64,512,5513,45.15,alone,1,8704,49,87,1045,397,0,7888,5280,7059,25,64
1680,8,64,512,5513,45.15,concurrent,1,9344,49,87,1045,397,0,8467,5280,9495,79,64
1680,4,128,512,5513,45.15,alone,1,8928,72,28,1829,397,0,8076,7200,10592,62,128
1680,4,128,512,5513,45.15,concurrent,1,10240,66,24,1565,397,0,9262,7200,14417,29,128
1024,32,32,1024,1024,16.77,alone,1,9568,2,70,649,397,0,8647,4320,6197,06,32
1024,32,32,1024,1024,16.77,concurrent,1,9856,2,70,649,397,0,8913,4320,8338,29,32
1024,1,1024,1024,1024,16.77,alone,1,20224,81,95,3365,397,0,18352,20256,21745,03,1024
1024,1,1024,1024,1024,16.77,concurrent,1,24576,76,48,2845,397,0,22318,19104,23598,67,1024
1024,64,16,1024,1024,16.77,alone,1,9248,25,93,781,397,0,8347,5280,7799,47,64
1024,64,16,1024,1024,16.77,concurrent,1,9280,25,93,781,397,0,8402,5280,10344,33,64
1024,512,2,1024,1024,16.77,alone,1,10560,69,56,1573,397,0,9560,14112,18124,34,512
1024,512,2,1024,1024,16.77,concurrent,1,12736,62,12,1309,397,0,11538,12960,19551,88,512
1024,1024,1,1024,1024,16.77,alone,1,14016,69,56,1573,397,0,12696,20256,20084,06,1024
1024,1024,1,1024,1024,16.77,concurrent,1,16448,62,12,1309,397,0,14922,19104,22074,17,1024
1024,8,64,512,2048,16.77,alone,1,8832,49,87,1045,397,0,7981,5280,7236,50,64
1024,8,64,512,2048,16.77,concurrent,1,9408,49,87,1045,397,0,8488,5280,9381,54,64
1024,4,128,512,2048,16.77,alone,1,9152,72,28,1829,397,0,8284,7200,10824,128
1024,4,128,512,2048,16.77,concurrent,1,9888,66,24,1565,397,0,8968,7200,14086,79,128
